[
    {
        "_id": "A101",
        "title": "Propulsion Assignment",
        "course": "RS101",
        "points": 100,
        "description": "The assignment is available online Submit a link to the landing page of your Web application running on Netlify. The landing page should include the following:Your full name and section Links to each of the lab assignments Link to the Kanbas application Links to all relevant source code repositories The Kanbas application should include a link to navigate back to the landing page.",
        "due": "2024-05-27",
        "available": "2024-05-20",
        "until": "2024-05-27"
    },
    {
        "_id": "A102",
        "title": "Combustion Analysis",
        "course": "RS101",
        "points": 100,
        "description": "The assignment is available online Submit a link to the landing page of your Web application running on Netlify. The landing page should include the following:Your full name and section Links to each of the lab assignments Link to the Kanbas application Links to all relevant source code repositories The Kanbas application should include a link to navigate back to the landing page.",
        "due": "2024-05-27",
        "available": "2024-05-20",
        "until": "2024-05-27"
    },
    {
        "_id": "A103",
        "title": "Nozzle Design Project",
        "course": "RS101",
        "description": "The assignment is available online Submit a link to the landing page of your Web application running on Netlify. The landing page should include the following:Your full name and section Links to each of the lab assignments Link to the Kanbas application Links to all relevant source code repositories The Kanbas application should include a link to navigate back to the landing page.",
        "points": 100,
        "due": "2024-05-27",
        "available": "2024-05-20",
        "until": "2024-05-27"
    },
    {
        "_id": "A201",
        "title": "Aerodynamics Quiz",
        "course": "RS102",
        "description": "The assignment is available online Submit a link to the landing page of your Web application running on Netlify. The landing page should include the following:Your full name and section Links to each of the lab assignments Link to the Kanbas application Links to all relevant source code repositories The Kanbas application should include a link to navigate back to the landing page.",
        "points": 100,
        "due": "2024-05-27",
        "available": "2024-05-20",
        "until": "2024-05-27"
    },
    {
        "_id": "A202",
        "title": "Flow Analysis",
        "description": "The assignment is available online Submit a link to the landing page of your Web application running on Netlify. The landing page should include the following:Your full name and section Links to each of the lab assignments Link to the Kanbas application Links to all relevant source code repositories The Kanbas application should include a link to navigate back to the landing page.",
        "course": "RS102",
        "points": 100,
        "due": "2024-05-27",
        "available": "2024-05-20",
        "until": "2024-05-27"
    },
    {
        "_id": "A203",
        "title": "Heating Analysis",
        "description": "The assignment is available online Submit a link to the landing page of your Web application running on Netlify. The landing page should include the following:Your full name and section Links to each of the lab assignments Link to the Kanbas application Links to all relevant source code repositories The Kanbas application should include a link to navigate back to the landing page.",
        "course": "RS102",
        "points": 100,
        "due": "2024-05-27",
        "available": "2024-05-20",
        "until": "2024-05-27"
    },
    {
        "_id": "A301",
        "title": "Structural Design Task",
        "description": "The assignment is available online Submit a link to the landing page of your Web application running on Netlify. The landing page should include the following:Your full name and section Links to each of the lab assignments Link to the Kanbas application Links to all relevant source code repositories The Kanbas application should include a link to navigate back to the landing page.",
        "course": "RS103",
        "points": 100,
        "due": "2024-05-27",
        "available": "2024-05-20",
        "until": "2024-05-27"
    },
    {
        "_id": "A302",
        "title": "Orbital Calculations",
        "description": "The assignment is available online Submit a link to the landing page of your Web application running on Netlify. The landing page should include the following:Your full name and section Links to each of the lab assignments Link to the Kanbas application Links to all relevant source code repositories The Kanbas application should include a link to navigate back to the landing page.",
        "course": "RS103",
        "points": 100,
        "due": "2024-05-27",
        "available": "2024-05-20",
        "until": "2024-05-27"
    },
    {
        "_id": "A303",
        "title": "Systems Engineering Exam",
        "description": "The assignment is available online Submit a link to the landing page of your Web application running on Netlify. The landing page should include the following:Your full name and section Links to each of the lab assignments Link to the Kanbas application Links to all relevant source code repositories The Kanbas application should include a link to navigate back to the landing page.",
        "course": "RS103",
        "points": 100,
        "due": "2024-05-27",
        "available": "2024-05-20",
        "until": "2024-05-27"
    }
]