[
    { "_id": "A101","points":"90", "title": "Propulsion Assignment", "course": "RS101", "desc":
    "The assignment is available online Submit a link to the landing page  of your",
      "due":"2024-05-14T23:59", "ava":"2024-06-05", "until":"2024-06-20"},
    { "_id": "A102","points":"100", "title": "Combustion Analysis", "course": "RS101" , "desc":
       "Web application running on Netlify.r",
       "due":"2024-05-15T23:59", "ava":"2024-06-06", "until":"2024-06-21"},
    { "_id": "A103","points":"80", "title": "Nozzle Design Project", "course": "RS101", "desc":
    "Web application running on Netlify.r",
    "due":"2024-05-16T23:59", "ava":"2024-06-07", "until":"2024-06-22"},
    { "_id": "A201","points":"97", "title": "Aerodynamics Quiz", "course": "RS102", "desc":
    "Web application running on Netlify.r",
    "due":"2024-04-13T23:59", "ava":"2024-06-08", "until":"2024-06-23"},
    { "_id": "A202", "points":"83","title": "Flow Analysis", "course": "RS102", "desc":
    "Web application running on Netlify.r",
    "due":"2024-03-13T23:59", "ava":"2024-06-09", "until":"2024-06-24"},
    { "_id": "A203","points":"99", "title": "Heating Analysis", "course": "RS102", "desc":
    "Web application running on Netlify.r",
    "due":"2024-04-13T23:59", "ava":"2024-07-05", "until":"2024-06-25"},
    { "_id": "A301","points":"89", "title": "Structural Design Task", "course": "RS103", "desc":
    "Web application running on Netlify.r",
    "due":"2024-02-13T23:59", "ava":"2024-08-05", "until":"2024-06-26"},
    { "_id": "A302","points":"91", "title": "Orbital Calculations", "course": "RS103", "desc":
    "Web application running on Netlify.r",
    "due":"2024-01-13T23:59", "ava":"2024-09-05", "until":"2024-06-27"},
    { "_id": "A303","points":"90", "title": "Systems Engineering Exam", "course": "RS103", "desc":
    "Web application running on Netlify.r",
    "due":"2024-06-13T23:59", "ava":"2024-06-10", "until":"2024-06-28"}
  ]