[
    {
      "_id": "1",
      "student": "121",
      "assignment": "A101",
      "gradeA1": "90",
      "gradeA2": "89",
      "gradeA3": "88",
      "gradeA4": "99"
    },
    {
      "_id": "2",
      "student": "122",
      "assignment": "A101",
      "gradeA1": "100",
      "gradeA2": "92",
      "gradeA3": "86",
      "gradeA4": "77"
    },
    {
      "_id": "3",
      "student": "123",
      "assignment": "A101",
      "gradeA1": "100",
      "gradeA2": "100",
      "gradeA3": "100",
      "gradeA4": "100"
    },
    {
      "_id": "4",
      "student": "121",
      "assignment": "A102",
      "gradeA1": "60",
      "gradeA2": "77",
      "gradeA3": "99",
      "gradeA4": "88"
    },
    {
      "_id": "5",
      "student": "122",
      "assignment": "A102",
      "gradeA1": "10",
      "gradeA2": "20",
      "gradeA3": "30",
      "gradeA4": "40"
    },
    {
      "_id": "6",
      "student": "123",
      "assignment": "A102",
      "gradeA1": "100",
      "gradeA2": "94",
      "gradeA3": "87",
      "gradeA4": "92"
    },
  
    {
      "_id": "7",
      "student": "124",
      "assignment": "A201",
      "gradeA1": "90",
      "gradeA2": "90",
      "gradeA3": "90",
      "gradeA4": "90"
    },
    {
      "_id": "8",
      "student": "125",
      "assignment": "A201",
      "gradeA1": "90",
      "gradeA2": "90",
      "gradeA3": "90",
      "gradeA4": "90"
    },
    {
      "_id": "9",
      "student": "126",
      "assignment": "A201",
      "gradeA1": "90",
      "gradeA2": "90",
      "gradeA3": "90",
      "gradeA4": "90"
    },
  
    {
      "_id": "10",
      "student": "124",
      "assignment": "A202",
      "gradeA1": "90",
      "gradeA2": "90",
      "gradeA3": "90",
      "gradeA4": "90"
    },
    {
      "_id": "11",
      "student": "125",
      "assignment": "A202",
      "gradeA1": "90",
      "gradeA2": "90",
      "gradeA3": "90",
      "gradeA4": "90"
    },
    {
      "_id": "12",
      "student": "126",
      "assignment": "A202",
      "gradeA1": "90",
      "gradeA2": "90",
      "gradeA3": "90",
      "gradeA4": "90"
    }
  ]