[
    {
        "_id": "1",
        "student": "121",
        "assignment": "A101",
        "grade": "90"
      },
      {
        "_id": "2",
        "student": "122",
        "assignment": "A101",
        "grade": "91"
      },
      {
        "_id": "3",
        "student": "123",
        "assignment": "A101",
        "grade": "92"
      },
      {
        "_id": "4",
        "student": "121",
        "assignment": "A102",
        "grade": "93"
      },
      {
        "_id": "5",
        "student": "122",
        "assignment": "A102",
        "grade": "94"
      },
      {
        "_id": "6",
        "student": "123",
        "assignment": "A102",
        "grade": "95"
      },
      {
        "_id": "4",
        "student": "121",
        "assignment": "A103",
        "grade": "96"
      },
      {
        "_id": "5",
        "student": "122",
        "assignment": "A103",
        "grade": "97"
      },
      {
        "_id": "6",
        "student": "123",
        "assignment": "A103",
        "grade": "98"
      },
    
      {
        "_id": "7",
        "student": "124",
        "assignment": "A201",
        "grade": "80"
      },
      {
        "_id": "8",
        "student": "125",
        "assignment": "A201",
        "grade": "81"
      },
      {
        "_id": "9",
        "student": "126",
        "assignment": "A201",
        "grade": "82"
      },
    {
        "_id": "10",
        "student": "124",
        "assignment": "A202",
        "grade": "82"
    },
    {
        "_id": "11",
        "student": "125",
        "assignment": "A202",
        "grade": "81"
    },
    {
        "_id": "12",
        "student": "126",
        "assignment": "A202",
        "grade": "80"
    },

    {
        "_id": "13",
        "student": "130",
        "assignment": "A101",
        "grade": "12"
      },
      {
        "_id": "13",
        "student": "130",
        "assignment": "A102",
        "grade": "13"
      },
      {
        "_id": "13",
        "student": "130",
        "assignment": "A103",
        "grade": "14"
      },
      {
        "_id": "13",
        "student": "131",
        "assignment": "A101",
        "grade": "12"
      },
      {
        "_id": "13",
        "student": "131",
        "assignment": "A102",
        "grade": "13"
      },
      {
        "_id": "13",
        "student": "131",
        "assignment": "A103",
        "grade": "14"
      },
      {
        "_id": "13",
        "student": "132",
        "assignment": "A101",
        "grade": "12"
      },
      {
        "_id": "13",
        "student": "132",
        "assignment": "A102",
        "grade": "13"
      },
      {
        "_id": "13",
        "student": "132",
        "assignment": "A103",
        "grade": "14"
      },
      {
        "_id": "13",
        "student": "139",
        "assignment": "A101",
        "grade": "12"
      },
      {
        "_id": "13",
        "student": "139",
        "assignment": "A102",
        "grade": "13"
      },
      {
        "_id": "13",
        "student": "139",
        "assignment": "A103",
        "grade": "14"
      },
      {
        "_id": "13",
        "student": "140",
        "assignment": "A101",
        "grade": "22"
      },
      {
        "_id": "13",
        "student": "140",
        "assignment": "A102",
        "grade": "23"
      },
      {
        "_id": "13",
        "student": "140",
        "assignment": "A103",
        "grade": "24"
      },
      {
        "_id": "13",
        "student": "141",
        "assignment": "A101",
        "grade": "32"
      },
      {
        "_id": "13",
        "student": "141",
        "assignment": "A102",
        "grade": "33"
      },
      {
        "_id": "13",
        "student": "141",
        "assignment": "A103",
        "grade": "34"
      },
      {
        "_id": "13",
        "student": "148",
        "assignment": "A101",
        "grade": "32"
      },
      {
        "_id": "13",
        "student": "148",
        "assignment": "A102",
        "grade": "33"
      },
      {
        "_id": "13",
        "student": "148",
        "assignment": "A103",
        "grade": "34"
      },
      {
        "_id": "13",
        "student": "133",
        "assignment": "A201",
        "grade": "32"
      },
      {
        "_id": "13",
        "student": "133",
        "assignment": "A202",
        "grade": "33"
      },
      {
        "_id": "13",
        "student": "133",
        "assignment": "A203",
        "grade": "34"
      },
      {
        "_id": "13",
        "student": "134",
        "assignment": "A201",
        "grade": "32"
      },
      {
        "_id": "13",
        "student": "134",
        "assignment": "A202",
        "grade": "33"
      },
      {
        "_id": "13",
        "student": "134",
        "assignment": "A203",
        "grade": "34"
      },
      {
        "_id": "13",
        "student": "135",
        "assignment": "A201",
        "grade": "32"
      },
      {
        "_id": "13",
        "student": "135",
        "assignment": "A202",
        "grade": "33"
      },
      {
        "_id": "13",
        "student": "135",
        "assignment": "A203",
        "grade": "34"
      },
      {
        "_id": "13",
        "student": "142",
        "assignment": "A201",
        "grade": "32"
      },
      {
        "_id": "13",
        "student": "142",
        "assignment": "A202",
        "grade": "33"
      },
      {
        "_id": "13",
        "student": "142",
        "assignment": "A203",
        "grade": "34"
      },
      {
        "_id": "13",
        "student": "143",
        "assignment": "A201",
        "grade": "42"
      },
      {
        "_id": "13",
        "student": "143",
        "assignment": "A202",
        "grade": "43"
      },
      {
        "_id": "13",
        "student": "143",
        "assignment": "A203",
        "grade": "44"
      },
      {
        "_id": "13",
        "student": "144",
        "assignment": "A201",
        "grade": "42"
      },
      {
        "_id": "13",
        "student": "144",
        "assignment": "A202",
        "grade": "43"
      },
      {
        "_id": "13",
        "student": "144",
        "assignment": "A203",
        "grade": "44"
      },
      {
        "_id": "13",
        "student": "150",
        "assignment": "A201",
        "grade": "42"
      },
      {
        "_id": "13",
        "student": "150",
        "assignment": "A202",
        "grade": "43"
      },
      {
        "_id": "13",
        "student": "150",
        "assignment": "A203",
        "grade": "44"
      },
      {
        "_id": "13",
        "student": "127",
        "assignment": "A301",
        "grade": "42"
      },
      {
        "_id": "13",
        "student": "127",
        "assignment": "A302",
        "grade": "43"
      },
      {
        "_id": "13",
        "student": "127",
        "assignment": "A303",
        "grade": "44"
      },
      {
        "_id": "13",
        "student": "128",
        "assignment": "A301",
        "grade": "42"
      },
      {
        "_id": "13",
        "student": "128",
        "assignment": "A302",
        "grade": "43"
      },
      {
        "_id": "13",
        "student": "128",
        "assignment": "A303",
        "grade": "44"
      },
      {
        "_id": "13",
        "student": "129",
        "assignment": "A301",
        "grade": "52"
      },
      {
        "_id": "13",
        "student": "129",
        "assignment": "A302",
        "grade": "53"
      },
      {
        "_id": "13",
        "student": "129",
        "assignment": "A303",
        "grade": "54"
      },
      {
        "_id": "13",
        "student": "136",
        "assignment": "A301",
        "grade": "52"
      },
      {
        "_id": "13",
        "student": "136",
        "assignment": "A302",
        "grade": "53"
      },
      {
        "_id": "13",
        "student": "136",
        "assignment": "A303",
        "grade": "54"
      },
      {
        "_id": "13",
        "student": "137",
        "assignment": "A301",
        "grade": "52"
      },
      {
        "_id": "13",
        "student": "137",
        "assignment": "A302",
        "grade": "53"
      },
      {
        "_id": "13",
        "student": "137",
        "assignment": "A303",
        "grade": "54"
      },
      {
        "_id": "13",
        "student": "138",
        "assignment": "A301",
        "grade": "52"
      },
      {
        "_id": "13",
        "student": "138",
        "assignment": "A302",
        "grade": "53"
      },
      {
        "_id": "13",
        "student": "138",
        "assignment": "A303",
        "grade": "54"
      },
      {
        "_id": "13",
        "student": "145",
        "assignment": "A301",
        "grade": "52"
      },
      {
        "_id": "13",
        "student": "145",
        "assignment": "A302",
        "grade": "53"
      },
      {
        "_id": "13",
        "student": "145",
        "assignment": "A303",
        "grade": "54"
      },
      {
        "_id": "13",
        "student": "146",
        "assignment": "A301",
        "grade": "52"
      },
      {
        "_id": "13",
        "student": "146",
        "assignment": "A302",
        "grade": "53"
      },
      {
        "_id": "13",
        "student": "146",
        "assignment": "A303",
        "grade": "54"
      },
      {
        "_id": "13",
        "student": "147",
        "assignment": "A301",
        "grade": "52"
      },
      {
        "_id": "13",
        "student": "147",
        "assignment": "A302",
        "grade": "53"
      },
      {
        "_id": "13",
        "student": "147",
        "assignment": "A303",
        "grade": "54"
      },
      {
        "_id": "13",
        "student": "149",
        "assignment": "A301",
        "grade": "62"
      },
      {
        "_id": "13",
        "student": "149",
        "assignment": "A302",
        "grade": "63"
      },
      {
        "_id": "13",
        "student": "149",
        "assignment": "A303",
        "grade": "64"
      }
  
]